,image_file_name,img_h,img_w
0,eva_16.jpg,333,500
1,eva_84.jpg,400,900
2,eva_44.jpg,292,560
3,eva_113.jpg,575,870
4,eva_62.jpg,375,500
5,eva_65.jpg,200,252
6,eva_77.jpg,590,1570
7,eva_27.jpg,400,426
8,eva_1.jpg,300,620
9,eva_47.jpg,720,1155
10,eva_58.jpg,900,1200
11,eva_121.jpg,1024,1024
12,eva_118.jpg,1418,1068
13,eva_21.jpg,750,750
14,eva_116.jpg,299,448
15,eva_9.jpg,550,900
16,eva_106.jpg,121,417
17,eva_102.jpg,700,1500
18,eva_120.jpg,1024,682
19,eva_66.jpg,373,795
20,eva_50.jpg,767,1150
21,eva_5.jpg,1689,1063
22,eva_20.jpg,566,550
23,eva_72.jpg,464,620
24,eva_53.jpg,2089,3277
25,eva_46.jpg,499,750
26,eva_111.jpg,192,263
27,eva_41.jpg,188,268
28,eva_92.jpg,1350,900
29,eva_90.jpg,1300,864
30,eva_86.jpg,455,1024
31,eva_117.jpg,1280,1920
32,eva_76.jpg,280,333
33,eva_122.jpg,1024,682
34,eva_95.jpg,280,1200
35,eva_24.jpg,1120,1500
36,eva_91.jpg,1392,867
37,eva_45.jpg,550,400
38,eva_35.jpg,1708,2560
39,eva_67.jpg,500,750
40,eva_64.jpg,1141,1300
41,eva_79.jpg,678,919
42,eva_68.jpg,167,301
43,eva_37.jpg,255,300
44,eva_42.jpg,468,730
45,eva_105.jpg,750,1000
46,eva_19.jpg,1280,1280
47,eva_15.jpg,682,1024
48,eva_26.jpg,300,235
49,eva_36.jpg,295,685
50,eva_96.jpg,750,1000
51,eva_8.jpg,667,1000
52,eva_4.jpg,1709,2560
53,eva_30.jpg,1289,1600
54,eva_89.jpg,705,465
55,eva_55.jpg,250,370
56,eva_22.jpg,1014,1300
57,eva_97.jpg,280,1200
58,eva_6.jpg,792,1023
59,eva_34.jpg,625,1000
60,eva_78.jpg,682,1023
61,eva_70.jpg,330,512
62,eva_71.jpg,413,620
63,eva_38.jpg,750,750
64,eva_98.jpg,153,329
65,eva_60.jpg,759,1380
66,eva_108.jpg,649,976
67,eva_14.jpg,263,300
68,eva_13.jpg,576,1024
69,eva_93.jpg,303,480
70,eva_61.jpg,867,1300
71,eva_48.jpg,628,1200
72,eva_110.jpg,1848,2759
73,eva_85.jpg,236,355
74,eva_25.jpg,685,1024
75,eva_100.jpg,300,635
76,eva_87.jpg,866,1300
77,eva_81.jpg,1010,860
78,eva_29.jpg,380,580
79,eva_104.jpg,627,1200
80,eva_10.jpg,417,626
81,eva_112.jpg,1707,2560
82,eva_17.jpg,592,696
83,eva_109.jpg,1707,2560
84,eva_115.jpg,549,976
85,eva_101.jpg,446,646
86,eva_51.jpg,400,600
87,eva_114.jpg,959,1440
88,eva_63.jpg,1024,926
89,eva_59.jpg,1064,1600
90,eva_39.jpg,176,286
91,eva_119.jpg,385,950
92,eva_69.jpg,250,370
93,eva_12.jpg,501,750
94,eva_43.jpg,334,581
95,eva_23.jpg,667,1000
96,eva_88.jpg,799,1600
97,eva_123.jpg,720,540
98,eva_40.jpg,400,400
99,eva_32.jpg,470,299
100,eva_83.jpg,226,400
101,eva_49.jpg,478,342
102,eva_28.jpg,169,250
103,eva_18.jpg,512,355
104,eva_107.jpg,922,1382
105,eva_73.jpg,288,512
106,eva_124.jpg,408,612
107,eva_2.jpg,866,1300
108,eva_82.jpg,361,734
109,eva_33.jpg,1014,960
110,eva_56.jpg,683,1024
111,eva_57.jpg,183,275
112,eva_80.jpg,177,284
113,eva_94.jpg,866,1300
114,eva_3.jpg,417,626
115,eva_54.jpg,565,847
116,eva_103.jpg,280,1200
117,eva_99.jpg,667,1000
118,eva_52.jpg,400,600
119,eva_75.jpg,956,1300
120,eva_31.jpg,866,1300
121,eva_11.jpg,417,626
